yearquarter,year,quarter,date,mu_pool_w,k_pool0_w,coeff_cons_pool,coeff_btm_pool,coeff_lroe_pool,btm,lroe,mu_pool2_w,k_pool20_w,coeff_cons_pool2,coeff_btm_pool2,coeff_lroe_pool2,var_cum,tcmnom_m1,tcmnom_m3,tcmnom_m6,tcmnom_y1,tcmnom_y2,tcmnom_y3,tcmnom_y5,tcmnom_y10,tcmnom_y20,tcmnom_y30,month
1986q1,1986,1,31mar1986,.0305828,.9741067,.0200676,.0356343,.2965776,-.5893509,.0222233,.0305828,.9741067,.0200676,.0356343,.2965776,.0323907,,6.76,6.89,6.72,6.92,7.02,7.19,7.39,,7.44,3
1986q2,1986,2,30jun1986,.0318851,.976624,.0230543,.0331423,.2822797,-.6190756,.018718,.0318851,.9766172,.022919,.033149,.2821493,.0321218,,6.4,6.56,6.41,6.81,7,7.23,7.35,,7.24,6
1986q3,1986,3,30sep1986,.0295337,.9705616,.0192355,.039144,.2482534,-.5002133,.0213173,.0293272,.9705666,.0186438,.039139,.2456854,.032454,,5.35,5.57,5.82,6.38,6.68,6.98,7.45,,7.6,9
1986q4,1986,4,31dec1986,.0262372,.9717737,.0203918,.037944,.2565486,-.4867951,.0199786,.025942,.9720271,.0203534,.0376932,.2558103,.0321399,,5.68,5.78,5.95,6.35,6.56,6.81,7.23,,7.49,12
1987q1,1987,1,31mar1987,.0319757,.9741979,.0223781,.0355441,.2178833,-.6664477,.0189423,.0321265,.9754544,.0225066,.0343001,.2138928,.0320534,,5.77,5.86,6.15,6.54,6.79,7.02,7.51,,7.81,3
1987q2,1987,2,30jun1987,.0328298,.9742854,.0236049,.0354574,.1964903,-.6506579,.0194157,.0327849,.9747337,.022911,.0350136,.1984475,.0317293,,5.85,6.28,6.77,7.48,7.76,8.02,8.38,,8.51,6
1987q3,1987,3,30sep1987,.0335613,.9735394,.0233183,.036196,.188921,-.683911,.0202493,.0333048,.9737,.0226913,.036037,.1924995,.03166,,6.62,6.99,7.92,8.6,8.93,9.21,9.63,,9.79,9
1987q4,1987,4,31dec1987,.0212599,.9621354,.0094191,.047486,.2704905,-.2806431,.0210735,.0206099,.963429,.0090638,.0462053,.277312,.0340107,,5.96,6.68,7.1,7.77,8.04,8.33,8.83,,8.95,12
1988q1,1988,1,31mar1988,.0295242,.9657684,.0152205,.0438893,.2445746,-.4278285,.0202095,.0271935,.96478,.0126948,.0448678,.2503577,.0339408,,5.87,6.18,6.76,7.41,7.66,8.04,8.57,,8.82,3
1988q2,1988,2,30jun1988,.0339769,.9667091,.0199547,.042958,.2291702,-.4620864,.02054,.0277417,.9668667,.0134128,.0428019,.2323973,.0331749,,6.66,7.04,7.5,8.02,8.18,8.41,8.82,,8.87,6
1988q3,1988,3,30sep1988,.0281007,.966489,.0168097,.0431759,.2332881,-.4329279,.023103,.0246952,.9671764,.0128985,.0424954,.2390616,.0331533,,7.48,7.82,8.13,8.43,8.52,8.61,8.87,,8.98,9
1988q4,1988,4,30dec1988,.0298145,.9653233,.0205749,.04433,.233784,-.3813219,.0215052,.0218612,.9671504,.0120878,.0425211,.2366256,.0322234,,8.35,8.7,9.02,9.14,9.18,9.14,9.14,,9,12
1989q1,1989,1,31mar1989,.0273855,.9679363,.0206514,.041743,.2319402,-.4360709,.0211995,.0214602,.9684965,.0134136,.0411885,.2323395,.0317993,,9.14,9.39,9.64,9.73,9.66,9.53,9.3,,9.11,3
1989q2,1989,2,30jun1989,.0356723,.9675829,.0256489,.0420929,.2222236,-.4672522,.0207832,.0223354,.9682205,.0144444,.0414617,.2254037,.0318035,,8.43,8.38,8.12,8.08,8.05,8.03,8.1,,8.05,6
1989q3,1989,3,29sep1989,.0402032,.9666678,.0301299,.0429989,.2483031,-.5065004,.0215804,.0218274,.9706352,.0154466,.0390711,.245744,.0324225,,8.01,8.16,8.48,8.46,8.46,8.36,8.31,,8.24,9
1989q4,1989,4,29dec1989,.0401899,.9651529,.0273072,.0444986,.2440602,-.4325404,.0200566,.0164351,.9709769,.0127574,.0387328,.2401634,.0344867,,7.88,7.81,7.76,7.87,7.87,7.86,7.93,,7.98,12
1990q1,1990,1,30mar1990,.032434,.9708288,.0199032,.0388794,.2389382,-.4091348,.0190355,.0184231,.9722539,.0117672,.0374686,.2349944,.0351154,,8.17,8.28,8.35,8.64,8.69,8.65,8.65,,8.63,3
1990q2,1990,2,29jun1990,.0307769,.9739435,.0201325,.035796,.2423842,-.413549,.0182758,.0200616,.9745522,.0133986,.0351933,.2384916,.0367447,,7.99,8.05,8.05,8.24,8.32,8.35,8.43,,8.41,6
1990q3,1990,3,28sep1990,.0247915,.9702771,.0165429,.0394257,.2397777,-.1867415,.0201053,.0115309,.9723983,.0081314,.0373256,.2369002,.0383533,,7.6,7.7,7.69,8.02,8.19,8.47,8.82,,8.96,9
1990q4,1990,4,31dec1990,.0221479,.9737201,.0157,.0360171,.251526,-.1770616,.0171495,.0126479,.9745808,.0063023,.035165,.2519351,.0388639,,6.95,7.03,6.82,7.15,7.4,7.68,8.08,,8.26,12
1991q1,1991,1,28mar1991,.0248252,.975165,.0162563,.0345866,.2437708,-.365581,.016058,.0172719,.9742928,.0110276,.0354501,.2520326,.0406343,,6.09,6.2,6.28,7.02,7.3,7.73,8.05,,8.24,3
1991q2,1991,2,28jun1991,.0263452,.9769409,.016745,.0328286,.2077309,-.3821428,.0150718,.0190763,.9746894,.0107449,.0350575,.2367647,.0413755,,5.75,6.02,6.32,6.9,7.33,7.9,8.24,,8.42,6
1991q3,1991,3,30sep1991,.0259086,.9788433,.0168209,.0309451,.2034543,-.4421944,.0172651,.0191827,.976046,.0103168,.0337145,.2374521,.041578,,5.37,5.48,5.42,5.99,6.28,6.92,7.47,,7.82,9
1991q4,1991,4,31dec1991,.0257055,.9811004,.0152183,.0287106,.2136787,-.4816023,.0180603,.0191691,.9776732,.0100818,.0321035,.2388459,.0422674,,4.18,4.26,4.12,4.77,5.11,5.93,6.71,,7.41,12
1992q1,1992,1,31mar1992,.0284525,.9790716,.0158804,.0307192,.1999345,-.56759,.0176121,.0197433,.9773857,.0140331,.0323882,.2145553,.0424193,,4.14,4.33,4.54,5.6,6.17,6.94,7.54,,7.96,3
1992q2,1992,2,30jun1992,.0256351,.9781781,.0159363,.0316037,.2003438,-.4863743,.0181711,.0196276,.9761214,.0115924,.0336399,.2105144,.0428323,,3.75,3.9,4.05,4.83,5.39,6.29,7.14,,7.79,6
1992q3,1992,3,30sep1992,.0239876,.9780408,.0152587,.0317396,.2004817,-.4891143,.0195695,.0185574,.976935,.011292,.0328344,.2125734,.0423968,,2.97,3.04,3.06,3.8,4.34,5.33,6.37,,7.38,9
1992q4,1992,4,31dec1992,.026663,.9776637,.0151863,.0321129,.2000568,-.5901806,.0205426,.019841,.9773628,.013109,.0324109,.2243226,.0421097,,3.29,3.47,3.61,4.56,5.12,6.04,6.7,,7.4,12
1993q1,1993,1,31mar1993,.0249468,.9791376,.0169992,.0306538,.2185946,-.6402236,.0206785,.0185238,.9779267,.0134834,.0318526,.2244814,.0428337,,3.01,3.15,3.32,3.96,4.42,5.24,6.03,,6.93,3
1993q2,1993,2,30jun1993,.0230591,.9805988,.0159829,.0292072,.2021691,-.6514736,.0202525,.0195007,.9787726,.0126636,.0310151,.2262333,.042832,,3.14,3.29,3.45,4.03,4.39,5.05,5.8,,6.68,6
1993q3,1993,3,30sep1993,.0218631,.9826808,.0150541,.027146,.2035296,-.6812165,.0215125,.0202802,.9785994,.0133471,.0311866,.2247793,.0428145,,3.01,3.15,3.39,3.89,4.24,4.79,5.4,,6.04,9
1993q4,1993,4,31dec1993,.0249385,.9816812,.0173837,.0281356,.2123753,-.680087,.0217834,.0206926,.9805199,.0139987,.0292853,.216922,.0425882,,3.13,3.34,3.63,4.25,4.58,5.21,5.83,6.48,6.35,12
1994q1,1994,1,31mar1994,.0250416,.9822831,.015618,.0275397,.2120108,-.5905461,.0225366,.0215814,.9805548,.0135409,.0292507,.2140426,.0429087,,3.59,3.92,4.5,5.21,5.66,6.23,6.77,7.23,7.11,3
1994q2,1994,2,30jun1994,.0224364,.9822837,.0139577,.0275392,.2123498,-.5282718,.0211134,.0194248,.9801514,.012771,.0296501,.2147555,.043016,,4.25,4.72,5.51,6.19,6.52,6.97,7.34,7.75,7.63,6
1994q3,1994,3,30sep1994,.0221624,.9830407,.0141764,.0267897,.2077338,-.5624872,.0235496,.0203726,.9804508,.0128442,.0293537,.2109636,.0430241,,4.75,5.24,5.96,6.62,6.92,7.28,7.62,7.98,7.82,9
1994q4,1994,4,30dec1994,.0197701,.9829547,.0122101,.0268749,.2137242,-.471936,.0252442,.0200915,.9783272,.0100645,.031456,.2185801,.0429494,,5.76,6.5,7.2,7.69,7.8,7.83,7.84,8.02,7.89,12
1995q1,1995,1,31mar1995,.0237278,.9820073,.015455,.0278128,.2079429,-.5187721,.0246636,.0215971,.9787745,.0102665,.0310133,.2111447,.0430261,,5.91,6.17,6.49,6.8,6.92,7.08,7.2,7.54,7.44,3
1995q2,1995,2,30jun1995,.0189528,.9829234,.014593,.0269058,.2019051,-.5727753,.0231693,.0239709,.9814385,.0098293,.0283758,.2119111,.0430397,,5.64,5.66,5.65,5.79,5.88,5.98,6.21,6.64,6.63,6
1995q3,1995,3,29sep1995,.0176063,.9841946,.0129221,.0256473,.195765,-.6449692,.0250354,.0256858,.981875,.0103305,.0279437,.2001287,.0435064,,5.43,5.54,5.65,5.83,5.91,6.01,6.17,6.6,6.49,9
1995q4,1995,4,29dec1995,.0149855,.9848713,.0121537,.0249774,.1942066,-.6107028,.0256096,.0232235,.9827645,.009184,.0270631,.1994681,.0434145,,5.29,5.35,5.18,5.18,5.25,5.38,5.58,6.01,5.96,12
1996q1,1996,1,29mar1996,.0149674,.9854288,.0117157,.0244255,.187131,-.6555954,.023808,.0203999,.9828677,.0102214,.0269609,.1924929,.0429988,,5.1,5.16,5.41,5.79,5.91,6.1,6.34,6.83,6.67,3
1996q2,1996,2,28jun1996,.0148589,.9865949,.0125831,.0232711,.1808694,-.7232798,.0235627,.0199164,.9844012,.0129659,.0254428,.1858603,.0429464,,5.23,5.46,5.7,6.11,6.3,6.47,6.73,7.03,6.9,6
1996q3,1996,3,30sep1996,.0166075,.9857016,.0141691,.0241555,.1870106,-.6774206,.0252683,.0171849,.9838926,.0120448,.0259463,.1918536,.0435311,,5.24,5.45,5.71,6.1,6.28,6.46,6.72,7.05,6.93,9
1996q4,1996,4,31dec1996,.0157969,.9856414,.0132123,.024215,.1911356,-.6775106,.0236631,.0156891,.9830453,.0114203,.0267852,.1970351,.0437867,,5.04,5.24,5.51,5.88,6.04,6.21,6.43,6.73,6.65,12
1997q1,1997,1,31mar1997,.0180305,.9849693,.0152199,.0248804,.1868707,-.6489892,.0242364,.0167254,.9826216,.0116598,.0272047,.1925807,.0432486,,5.28,5.48,6.02,6.45,6.6,6.77,6.92,7.22,7.1,3
1997q2,1997,2,30jun1997,.0207323,.9856501,.0171494,.0242064,.1808946,-.7450392,.022657,.0189827,.9835276,.0133819,.0263077,.2013113,.0434179,,5.07,5.34,5.67,6.08,6.25,6.4,6.51,6.86,6.8,6
1997q3,1997,3,30sep1997,.0231871,.9869607,.0199209,.0229089,.1778083,-.8617691,.0246701,.0217429,.9841775,.0152876,.0256642,.1883045,.0442218,,5.08,5.3,5.47,5.8,5.88,6,6.12,6.47,6.41,9
1997q4,1997,4,31dec1997,.0173321,.9862425,.0148099,.02362,.1827265,-.8018419,.0255262,.0200008,.9833661,.0140326,.0264676,.1966247,.0441807,,5.3,5.45,5.51,5.66,5.68,5.71,5.75,6.02,5.93,12
1998q1,1998,1,31mar1998,.0164714,.9878143,.0143814,.0220639,.1799148,-.8519245,.0242253,.0214065,.9848422,.0152025,.0250063,.1961487,.0437981,,5.16,5.25,5.41,5.6,5.61,5.64,5.67,6.02,5.94,3
1998q2,1998,2,30jun1998,.0109901,.9884666,.0117098,.0214181,.1756289,-.7703031,.0212405,.0194481,.9854487,.0143832,.0244058,.1881729,.0434157,,5.12,5.32,5.38,5.49,5.49,5.47,5.44,5.73,5.62,6
1998q3,1998,3,30sep1998,.0062804,.9868537,.0054862,.0230149,.1802303,-.4892101,.02181,.0131718,.9834871,.010304,.0263478,.197556,.0457967,,4.74,4.81,4.41,4.3,4.26,4.23,4.44,5.17,4.98,9
1998q4,1998,4,31dec1998,.0074189,.9888589,.0057623,.0210297,.1824778,-.5505576,.019849,.014263,.9846632,.0100655,.0251835,.2090337,.0458578,,4.5,4.57,4.53,4.54,4.55,4.56,4.65,5.39,5.09,12
1999q1,1999,1,31mar1999,.0067551,.9901407,.0056702,.0197608,.1816831,-.4683963,.0188795,.0122141,.9854417,.0099988,.0244127,.2083712,.0458583,,4.57,4.65,4.72,4.99,5.07,5.12,5.25,5.92,5.63,3
1999q2,1999,2,30jun1999,.0103154,.9890544,.0083918,.0208362,.1731046,-.5870217,.0188358,.0158314,.9849265,.011824,.0249228,.2089448,.0462168,,4.72,5.03,5.07,5.53,5.59,5.67,5.81,6.29,5.98,6
1999q3,1999,3,30sep1999,.0077469,.9904099,.0061795,.0194943,.1670214,-.5184119,.0216272,.0136113,.985879,.0099038,.0239798,.2044546,.0468732,,4.82,5.08,5.22,5.63,5.7,5.78,5.9,6.47,6.06,9
1999q4,1999,4,31dec1999,.0095438,.9943286,.0062987,.0156147,.1640459,-.545292,.0208347,.012005,.9873646,.0096234,.022509,.1839879,.0477503,,5.36,5.68,5.98,6.24,6.29,6.36,6.45,6.83,6.48,12
2000q1,2000,1,31mar2000,.0149378,.9946282,.0064644,.0153181,.159133,-.5894079,.0201266,.0174269,.9869933,.0103905,.0228767,.1844806,.0483102,,5.86,6.11,6.28,6.5,6.44,6.32,6.03,6.2,5.84,3
2000q2,2000,2,30jun2000,.0122984,.9893782,.0074522,.0205156,.1675729,-.5000121,.018207,.0188782,.9849733,.0102787,.0248765,.1878462,.0490921,,5.86,6.24,6.08,6.38,6.31,6.18,6.03,6.26,5.9,6
2000q3,2000,3,29sep2000,.0088328,.9896995,.0062262,.0201975,.1669009,-.4799924,.0180477,.0127945,.9849291,.0107921,.0249201,.1874373,.0500327,,6.18,6.25,6.07,5.98,5.91,5.85,5.8,6.13,5.88,9
2000q4,2000,4,29dec2000,.0058468,.9939995,-.0051842,.0159405,.1956041,-.3003315,.0167751,.0106329,.9873009,.0016836,.0225721,.212123,.051828,,5.94,5.92,5.32,5.11,5.06,4.99,5.12,5.59,5.46,12
2001q1,2001,1,30mar2001,.0027409,.9926424,-.0019411,.017284,.2071427,-.3160754,.0132731,.0037613,.9861057,.0021863,.0237554,.2229556,.0516457,,4.54,4.44,4.09,4.18,4.33,4.62,4.93,5.6,5.46,3
2001q2,2001,2,29jun2001,-.0068897,.990496,.0026467,.019409,.1964536,-.4495335,.0113088,.0028279,.985554,.0026994,.0243015,.2116764,.0519354,,3.57,3.56,3.72,4.25,4.52,4.97,5.42,5.91,5.75,6
2001q3,2001,3,28sep2001,-.0146238,.9926714,.0030796,.0172553,.2230369,-.2727241,.0120992,-.0040734,.9858683,.0022399,.0239904,.2382075,.04895,2.68,2.69,2.71,2.49,2.86,3.22,3.93,4.6,5.45,5.42,9
2001q4,2001,4,31dec2001,-.0130594,.9891165,.0042814,.0207747,.1929213,-.4498046,.0088256,.003549,.9847944,.0026556,.0250536,.2160384,.0486167,1.72,1.72,1.82,2.17,3.07,3.59,4.38,5.07,5.74,5.48,12
2002q1,2002,1,28mar2002,-.013239,.9887472,.0039023,.0211402,.2017734,-.5459063,.0081912,.0035269,.9850864,.0041441,.0247645,.2168251,.0482517,1.79,1.83,2.06,2.7,3.72,4.31,4.91,5.42,6.03,5.37,3
2002q2,2002,2,28jun2002,-.01214,.9898144,.0027354,.0200838,.2095962,-.4847433,.0123867,-.0010519,.9852769,.0053312,.0245758,.2256981,.0477995,1.72,1.73,1.83,2.06,2.9,3.37,4.09,4.86,5.65,,6
2002q3,2002,3,30sep2002,-.0192988,.991161,-.0061671,.0187506,.2206599,-.2533277,.0149542,-.0081903,.9861233,.0038888,.0237379,.2349922,.0490209,1.67,1.66,1.64,1.53,1.72,2.02,2.63,3.63,4.75,,9
2002q4,2002,4,31dec2002,-.0124431,.9924626,.0040744,.017462,.2113427,-.3280465,.0155228,-.0037521,.985837,.0047608,.0240214,.2335662,.0484689,1.2,1.21,1.27,1.32,1.61,1.99,2.78,3.83,4.83,,12
2003q1,2003,1,31mar2003,-.0177992,.9928409,.0000182,.0170875,.2114177,-.3105851,.0160802,-.0037294,.9858494,.004955,.0240091,.2347305,.0479423,1.18,1.15,1.16,1.19,1.51,1.93,2.78,3.83,4.84,,3
2003q2,2003,2,30jun2003,.0022435,.9908577,.0018457,.0190508,.2116608,-.5203481,.0151987,.0013642,.9841812,.0069645,.0256606,.2272568,.0489417,.97,.94,.94,1.09,1.32,1.66,2.46,3.54,4.52,,6
2003q3,2003,3,30sep2003,.0063183,.9903287,.0045489,.0195746,.2042526,-.6130832,.018619,.0033141,.9848558,.0078808,.0249927,.2227254,.0490267,.91,.96,1.03,1.15,1.5,1.95,2.85,3.96,4.91,,9
2003q4,2003,4,31dec2003,.0098595,.9906695,.0065648,.0192372,.2045619,-.7489106,.0207466,.0048971,.984995,.0090421,.024855,.2187709,.0487964,.89,.91,1.01,1.26,1.84,2.37,3.25,4.27,5.1,,12
2004q1,2004,1,31mar2004,.0087144,.9907427,.0061439,.0191647,.2029809,-.7839859,.021346,.0055754,.9849918,.0093223,.0248581,.216206,.04922,.96,.95,1.01,1.2,1.6,1.99,2.8,3.86,4.77,,3
2004q2,2004,2,30jun2004,.0075509,.9896585,.005825,.0202381,.2101905,-.7422521,.0208608,.005677,.9853078,.0088931,.0245453,.2211548,.0495117,1.05,1.29,1.64,2.09,2.7,3.16,3.81,4.62,5.33,,6
2004q3,2004,3,30sep2004,.0068862,.9891183,.0050168,.0207728,.2078706,-.700132,.0224653,.004856,.9851487,.0089849,.0247028,.2201591,.0505287,1.55,1.68,1.91,2.21,2.63,2.89,3.38,4.14,4.89,,9
2004q4,2004,4,31dec2004,.0116243,.9888481,.0090546,.0210403,.2049892,-.8274218,.0225313,.0067896,.9854834,.0096524,.0243714,.2228059,.0513582,1.96,2.22,2.5,2.75,3.08,3.25,3.63,4.24,4.85,,12
2005q1,2005,1,31mar2005,.0110313,.9881882,.0081089,.0216937,.2050682,-.74072,.0236801,.005949,.9851809,.0091006,.0246709,.2209672,.0509215,2.65,2.8,3.09,3.35,3.8,3.96,4.18,4.5,4.88,,3
2005q2,2005,2,30jun2005,.0112824,.9881831,.0079974,.0216987,.2082715,-.7504722,.0206917,.0056376,.9853522,.0090212,.0245014,.2215957,.0507968,2.83,3.04,3.22,3.45,3.66,3.67,3.72,3.94,4.28,,6
2005q3,2005,3,30sep2005,.0170047,.9893026,.0142164,.0205904,.218269,-.7837693,.0230906,.0063032,.9852889,.0088527,.024564,.2229204,.0517261,3.23,3.49,3.79,4.01,4.18,4.18,4.18,4.34,4.62,,9
2005q4,2005,4,30dec2005,.0191191,.9881299,.0165409,.0217514,.2139009,-.776128,.0227938,.006767,.9852649,.0087414,.0245878,.225242,.0510311,3.69,3.97,4.33,4.38,4.41,4.37,4.35,4.39,4.61,,12
2006q1,2006,1,31mar2006,.0147949,.9907883,.0112129,.0191196,.2119715,-.8486645,.0246083,.0075617,.9858449,.0091026,.0240135,.2251628,.050559,4.55,4.63,4.79,4.82,4.82,4.83,4.82,4.86,5.07,4.9,3
2006q2,2006,2,30jun2006,.0145557,.9901911,.0111003,.0197108,.2180997,-.7824918,.0229538,.0068473,.9856052,.0089754,.0242508,.2284463,.050217,4.71,4.92,5.17,5.21,5.16,5.13,5.1,5.15,5.31,5.19,6
2006q3,2006,3,29sep2006,.0144331,.989192,.0115335,.0206999,.2174311,-.746324,.0238796,.0070571,.9854238,.0088132,.0244304,.2272971,.0489354,4.77,4.93,5.08,4.91,4.71,4.62,4.59,4.64,4.84,4.77,9
2006q4,2006,4,29dec2006,.0167302,.9890265,.0136945,.0208637,.2135636,-.7866479,.022613,.0075128,.9855596,.0088391,.0242959,.2290623,.0485567,4.87,4.97,5.07,5,4.82,4.74,4.7,4.71,4.91,4.81,12
2007q1,2007,1,30mar2007,.0159478,.9897385,.0122409,.0201589,.2135917,-.7908409,.0228993,.0074196,.9850954,.0083423,.0247555,.2298443,.048972,5.21,5.08,5.1,4.9,4.58,4.54,4.54,4.65,4.92,4.84,3
2007q2,2007,2,29jun2007,.0179173,.9909045,.0127987,.0190045,.2029192,-.8074142,.0187519,.0075129,.9854981,.0079087,.0243569,.2293158,.0494336,4.52,4.74,4.95,4.91,4.87,4.89,4.92,5.03,5.21,5.12,6
2007q3,2007,3,28sep2007,.0166069,.9913542,.0134161,.0185594,.2001491,-.7327492,.0210642,.0074561,.9857559,.0068777,.0241017,.2217662,.0499225,3.78,3.99,4.2,4.05,3.97,4.03,4.23,4.59,4.89,4.83,9
2007q4,2007,4,31dec2007,.0115025,.9916307,.0109049,.0182857,.1950558,-.6373949,.0205617,.0064887,.9861543,.0052344,.0237072,.2197509,.0504905,2.86,3.07,3.34,3.34,3.05,3.07,3.45,4.04,4.5,4.45,12
2008q1,2008,1,31mar2008,.0103682,.991563,.0079409,.0183526,.1977384,-.5153626,.0190883,.0054813,.9858567,.0043485,.0240019,.2217194,.0512029,1.35,1.28,1.51,1.55,1.62,1.79,2.46,3.45,4.3,4.3,3
2008q2,2008,2,30jun2008,.0083103,.9920467,.0064906,.0178738,.2051203,-.468604,.0148548,.0107037,.9874127,.0028161,.0224614,.2161013,.0534811,1.72,1.89,2.19,2.36,2.63,2.91,3.34,3.99,4.59,4.53,6
2008q3,2008,3,30sep2008,-.0171476,.9928061,.0023133,.017122,.213091,-.379905,.0161133,.009119,.9878823,.0018724,.0219966,.2159153,.0545026,.89,1.15,1.64,1.78,2,2.28,2.98,3.85,4.43,4.31,9
2008q4,2008,4,31dec2008,-.009133,.9997103,-.0097405,.0102868,.2217763,-.0047495,.013498,.0031759,.991235,-.0023605,.0186773,.2198479,.0595472,.03,.03,.26,.37,.76,1,1.55,2.25,3.05,2.69,12
2009q1,2009,1,31mar2009,-.0098989,.9999,-.0174877,.0077262,.2247019,.0357055,.002494,.0009584,.991683,-.0034022,.0182338,.2180896,.0602656,.1,.22,.43,.57,.81,1.15,1.67,2.71,3.61,3.56,3
2009q2,2009,2,30jun2009,-.0254312,.9991833,-.0104955,.0108085,.1831388,-.2429526,.0061307,.0040836,.9897549,.0005391,.0201427,.2156769,.0606972,.1,.18,.31,.56,1.11,1.64,2.54,3.53,4.3,4.32,6
2009q3,2009,3,30sep2009,-.0172038,.9977207,-.0105532,.0122566,.1745835,-.3994917,.0105423,.0062669,.9889026,.0032213,.0209865,.211097,.0599264,.06,.12,.21,.4,.95,1.45,2.31,3.31,4.02,4.03,9
2009q4,2009,4,31dec2009,.0067164,.9979516,-.0117637,.0120279,.171184,-.4247096,.0141193,.0062127,.9888255,.0031262,.0210628,.211785,.0595543,.03,.05,.17,.47,1.14,1.7,2.69,3.85,4.58,4.63,12
2010q1,2010,1,31mar2010,-.015051,.9981054,-.0092683,.0118756,.1731595,-.4913268,.0144463,.0078774,.9888099,.00362,.0210782,.2091544,.0584267,.12,.15,.23,.41,1.02,1.6,2.55,3.84,4.55,4.72,3
2010q2,2010,2,30jun2010,-.022234,.998072,-.0118165,.0119087,.1800583,-.3657076,.0146485,.0077952,.9887091,.0034381,.021178,.208841,.0572398,.08,.12,.19,.32,.61,1,1.79,2.97,3.74,3.91,6
2010q3,2010,3,30sep2010,-.0212557,.9981505,-.0127067,.011831,.1750533,-.4345984,.01817,.0080204,.9889281,.0037914,.0209612,.1928834,.056847,.12,.15,.19,.27,.42,.64,1.27,2.53,3.38,3.69,9
2010q4,2010,4,31dec2010,-.0165743,.9976988,-.0098843,.0122782,.1771235,-.5457842,.0194749,.0093634,.9887308,.0042009,.0211565,.2092047,.0561573,.09,.14,.19,.29,.61,1.02,2.01,3.3,4.13,4.34,12
2011q1,2011,1,31mar2011,-.0189327,.9979821,-.010307,.0119977,.1803921,-.5948962,.019477,.0096114,.9890454,.00452,.0208451,.211869,.0556447,.06,.1,.16,.3,.8,1.29,2.24,3.47,4.29,4.51,3
2011q2,2011,2,30jun2011,-.0200541,.9980388,-.0117448,.0119415,.1884882,-.5396655,.01696,.0060461,.9894165,.0044026,.0204776,.2104621,.0548429,.02,.04,.1,.19,.45,.81,1.76,3.18,4.09,4.38,6
2011q3,2011,3,30sep2011,-.0213132,.9989598,-.0159748,.0110298,.1798199,-.262196,.0194509,.0041047,.9900091,.0025002,.019891,.1913677,.0553217,.01,.01,.04,.13,.25,.42,.96,1.92,2.66,2.9,9
2011q4,2011,4,30dec2011,-.0171663,.9987601,-.0140589,.0112275,.1794425,-.3690766,.0188082,.005189,.9898648,.0033802,.0200339,.2026195,.0553092,0,.01,.05,.12,.25,.36,.83,1.89,2.57,2.89,12
2012q1,2012,1,30mar2012,-.0150264,.998125,-.0127355,.0118563,.1829114,-.492938,.0176966,.0061001,.9899853,.0039751,.0199146,.1983514,.0554157,.06,.08,.14,.19,.33,.51,1.04,2.23,3,3.35,3
2012q2,2012,2,29jun2012,-.0209811,.9986002,-.0142736,.0113858,.184881,-.4236212,.0171727,.0054564,.9903503,.0035581,.0195532,.200523,.0548864,.05,.09,.15,.21,.33,.41,.72,1.67,2.38,2.76,6
2012q3,2012,3,28sep2012,-.0212854,.9969432,-.0160069,.0130262,.1856597,-.474373,.0180412,.0054633,.9905223,.0035759,.0193829,.2013732,.0543954,.08,.11,.14,.17,.23,.31,.62,1.65,2.42,2.82,9
2012q4,2012,4,31dec2012,-.0203377,.9982986,-.0138567,.0116844,.1836746,-.4633951,.0184631,.0057657,.9910749,.0037748,.0188359,.1987099,.0538594,.04,.07,.12,.16,.25,.36,.72,1.78,2.54,2.95,12
2013q1,2013,1,28mar2013,-.0257148,.998641,-.0141329,.0113454,.1850988,-.5681034,.0175121,.0061541,.9912885,.0043414,.0186244,.1947502,.0526236,.08,.09,.11,.14,.25,.36,.77,1.87,2.71,3.1,3
2013q2,2013,2,28jun2013,-.0247828,.9986505,-.0137292,.011336,.1871071,-.587881,.016176,.005659,.9913818,.0043039,.018532,.1947286,.0515202,.03,.05,.09,.15,.36,.66,1.41,2.52,3.22,3.52,6
2013q3,2013,3,30sep2013,-.0151208,.9999,-.0087999,.0097426,.1891671,-.6529522,.0191266,.0063639,.9912705,.0044617,.0186422,.1937159,.0513345,.02,.02,.04,.1,.33,.63,1.39,2.64,3.41,3.69,9
